SMILES,pred_IC50,pIC50,P-gp_substrate,P-gp_I_inhibitor,P-gp_II_inhibitor,CYP2D6_substrate,CYP3A4_substrate,CYP1A2_inhibitor,CYP2C19_inhibitor,CYP2C9_inhibitor,AMES_toxicity,hERG_II_inhibitor,Hepatotoxicity,Skin_Sensitisation,sa_score
N#Cc1c(C2CCCNC2)cc(-c2c(O)cccc2OCc2ccccc2)nc1N,14.706884962822235,7.832479304615686,0,0,0,0,0,0,0,0,0,0,0,0,3.0696821434453474
CNC(=O)c1ccc(-c2nc3c(nc(NC)c4ncn(C)c43)s2)cc1,23.11602774711234,7.636086792903935,0,0,0,0,0,0,0,0,0,0,0,0,2.6198172166750187
Cn1nccc1-c1csc(C(=O)N[C@@H]2CNCC[C@H]2c2ccc(Cl)cc2)c1,46.23423885397545,7.335036287688909,0,0,0,0,0,0,0,0,0,0,0,0,3.394173734645128
O=S(=O)(c1ccc(-c2ccnc(Nc3ccc4ncsc4c3)n2)cc1)N1CCCC1,429.51505573535,6.36702160829797,0,0,0,0,0,0,0,0,0,0,0,0,2.359404102668261
Cc1n[nH]c2ccc(-c3cncc(OC[C@@H](N)Cc4ccc5c(c4)OCO5)c3)cc12,31.099030739613568,7.507253146374997,0,0,0,0,0,0,0,0,0,0,0,0,3.0742847959652426
Clc1c[nH]c2ncnc(N3CCc4[nH]cnc4C3)c12,58.57882583239969,7.232259337666715,0,0,0,0,0,0,0,0,0,0,0,0,3.1435931742937475
c1ccc2c(c1)Nc1ncccc1-n1c(-c3ccc(CN4CCC(c5c[nH]c6ccccc56)CC4)cc3)nnc1-2,383.2421271025935,6.4165267580418055,0,0,0,0,0,0,0,0,0,0,0,0,2.7252744591579106
COc1cc2c(cc1Nc1nc(Nc3cccc4c3C(=O)NC4)c3cc[nH]c3n1)N(C(=O)CN(C)C)CC2,3.901202697038058,8.408801484213159,0,0,0,0,0,0,0,0,0,0,0,0,3.109199763640529
CN(c1ccc(-c2ccnc3[nH]ccc23)cc1)S(C)(=O)=O,241.83409840812374,6.6164824639945605,0,0,0,0,0,0,0,0,0,0,0,0,2.2983377534178295
CCn1c(-c2nonc2N)nc2c(C#CC(C)(C)O)ncc(OCCCNC[C@H](O)CO)c21,14.763537360469272,7.830809572589316,0,0,0,0,0,0,0,0,0,0,0,0,3.7983176949127966
c1ccc(-c2cc3cnccc3nc2-c2ccc(CN3CCC(c4n[nH]c(-c5ccccn5)n4)CC3)cc2)cc1,27.93061064907934,7.553919569181685,0,0,0,0,0,0,0,0,0,0,0,0,2.716341382234834
Cn1ncc(Cl)c1-c1cc(C(=O)N[C@H](CN)Cc2cccc(F)c2)sc1Cl,1.4804815763058832,8.829596992772133,0,0,0,0,0,0,0,0,0,0,0,0,3.151637648141995
COc1cc([C@@H]2c3cc4c(cc3[C@H](O)[C@H]3COC(=O)[C@H]23)OCO4)cc(OC)c1OC,21.96688482370991,7.658231527048432,0,0,0,0,0,0,0,0,0,0,0,0,3.7523244459817278
N[C@H](Cc1cccc(Cl)c1)C(=O)N1CCN(c2ncnc3ccccc23)CC1,270.43844017003534,6.567931577644587,0,0,0,0,0,0,0,0,0,0,0,0,2.5804319831033897
NC(=O)c1cc(-c2ccccc2)cc2c(C3CCS(=O)(=O)CC3)c[nH]c12,88.41704777270283,7.053463990192748,0,0,0,0,0,0,0,0,0,0,0,0,2.49146316929734
Cc1ccnc(Cl)c1C(=O)Nc1ccc2c(c1)-c1c(c(C(N)=O)nn1-c1cccc(O)c1)CC2,916.0363091188179,6.038087311771642,0,0,0,0,0,0,0,0,0,0,0,0,2.738955611653786
CNC(=O)Nc1ccc(CNc2ncsc2C(=O)Nc2ccc3c(c2)OC(F)(F)O3)cn1,30.647694747407,7.513602186598488,0,0,0,0,0,0,0,0,0,0,0,0,2.8786565860138573
Cc1nc(N)nc2c1cc(-c1cnc3ccccc3c1)c(=O)n2[C@H]1CC[C@H](OCO)CC1,31.00696585925955,7.50854072892714,0,0,0,0,0,0,0,0,0,0,0,0,2.8273379965765386
N[C@H](CNc1nnc(-c2ccc3cnccc3c2)o1)Cc1ccc(C(F)(F)F)cc1,68.44361119895895,7.164667084425991,0,0,0,0,0,0,0,0,0,0,0,0,3.00724526108152
Cl.N#Cc1ccc(C2CCCc3cncn32)cc1,20.509346891879037,7.688048169264455,0,0,0,0,0,0,0,0,0,0,0,0,3.0780795828841248
CC(=O)c1ccc([C@H]2C[C@@]3(C)[C@@H](CC[C@@]3(O)C(F)(F)C(F)(F)F)[C@@H]3CCC4=CC(=O)CCC4=C32)cc1,0.06548419985954511,10.183863474688728,0,0,0,0,0,0,0,0,0,0,0,0,4.372116140606747
Cc1ccc(S(=O)(=O)NC[C@@H](O)CN2CCC[C@@]3(CCN(c4ncnc(N)c4C4CC4)C3)C2)c(C)c1,62.12100085519024,7.206761555802707,0,0,0,0,0,0,0,0,0,0,0,0,4.131866304587039
CS(=O)(=O)NCC(NC(=O)C1(N)CCN(c2ncnc3[nH]ccc23)CC1)c1ccc(Cl)cc1,8.85987270285317,8.052572517937508,0,0,0,0,0,0,0,0,0,0,0,0,3.388089525746759
CNc1nc2ccsc2n2c(C)cnc12,409.02992075744424,6.388244921957043,0,0,0,0,0,0,0,0,0,0,0,0,2.9909034229184073
Nc1ncnc2c1ncn2[C@@H]1O[C@H](COP(=O)(O)OP(=O)(O)O)[C@@H](O)[C@H]1O,8.003529118709883,8.096718470655722,0,0,0,0,0,0,0,0,0,0,0,0,4.125297661526227
CCN(C[C@H](NC(=O)c1ccc2[nH]c(-c3ccncc3)nc2c1)C(=O)O)c1ccccc1,72.52098408226456,7.139536311325046,0,0,0,0,0,0,0,0,0,0,0,0,2.8549995959239904
Cc1nnc(-c2ccccc2Nc2ncnc3[nH]ccc23)[nH]1,171.41276550126014,6.765956838303636,0,0,0,0,0,0,0,0,0,0,0,0,2.8518414636956315
N=C(c1ccccc1)n1c(=N)ccc2nc(-c3ccc(C4(N)CCC4)cc3)c(-c3ccccc3)cc21,6.419688591603164,8.192486038321881,0,0,0,0,0,0,0,0,0,0,0,0,2.845328559167445
CC(C)NC[C@@H](C(=O)N1CCC(c2ncnc3c2[C@H](C)CC(=O)N3)CC1)c1ccc(Cl)cc1,424.1756508814301,6.372454265077684,0,0,0,0,0,0,0,0,0,0,0,0,3.603324073024849
C[C@]12CC[C@H](O)C[C@@]1(O)CC[C@@H]1[C@@H]2CC[C@]2(C)[C@@H](C3=CC(=O)OC3)CC[C@]12O,326.8774483917681,6.485615040804935,0,0,0,0,0,0,0,0,0,0,0,0,4.652836226371551
C/C(O)=C(\C#N)C(=O)Nc1ccc(C(F)(F)F)cc1,243.62380764422738,6.613280273414803,0,0,0,0,0,0,0,0,0,0,0,0,2.2672292512168255
Cn1c(CCCC(=O)O)nc2cc(N(CCCl)CCCl)ccc21,89.12353661070352,7.050007588103489,0,0,0,0,0,0,0,0,0,0,0,0,2.5704416960507572
COc1c(O)cc2oc(-c3ccc(O)cc3)cc(=O)c2c1O,385.584577107481,6.413880345648542,0,0,0,0,0,0,0,0,0,0,0,0,2.389306207123706
O=C(CCCCCCC(=O)Nc1ccccc1)NO,466.60792263976543,6.331047891497,0,0,0,0,0,0,0,0,0,0,0,0,1.6946181742937476
Cc1cc2nc(-c3cccnc3N)n(-c3ccc(CN)cc3)c2nc1C.Cl,477.1154025214276,6.321376563063607,0,0,0,0,0,0,0,0,0,0,0,0,2.558002269530329
CC(=O)Nc1nc2ccc(-c3cnc(Cl)c(NS(=O)(=O)c4ccc(Cl)cc4)c3)cc2s1,14.064858451077178,7.851864634222238,0,0,0,0,0,0,0,0,0,0,0,0,2.366596011294705
Cn1c(=O)n(-c2ccc(C(C)(C)C#N)cc2)c2c3cc(C#Cc4cccnc4)ccc3ncc21,46.864647257813125,7.329154647485722,0,0,0,0,0,0,0,0,0,0,0,0,2.889521933025714
CCCCCCC=CCCCCCCCc1cc(O)cc(O)c1OC(C)=O,363.00162506454774,6.440091430735276,0,0,0,0,0,0,0,0,0,0,0,0,2.552161791797536
CCN(CC)CCOc1ccc(Nc2ncc3cc(-c4c(Cl)cccc4Cl)c(=O)n(C)c3n2)cc1,203.07990535374915,6.69233304767217,0,0,0,0,0,0,0,0,0,0,0,0,2.576725251600516
CCOc1cc(NCCN2CCCC2)c(C)c(N2CCN(c3ncnc4[nH]nc(Br)c34)CC2)c1,42.70445370213831,7.369526829485558,0,0,0,0,0,0,0,0,0,0,0,0,2.939923749765674
COc1cc2ncnc(Nc3ccc(F)c(Cl)c3)c2cc1NC(=O)/C=C/CN1CCCCC1,2.407992617469529,8.61834484889144,0,0,0,0,0,0,0,0,0,0,0,0,2.5442944866936674
O=C(CCCn1[se]c2ccccc2c1=O)N[C@@H]1O[C@H](CO)[C@@H](O)[C@H](O)[C@H]1O,358.3182463995498,6.445731075984396,0,0,0,0,0,0,0,0,0,0,0,0,4.2533280008307575
CN(C)CCNC(=O)c1ccc(-c2cnc3ccc(NCC4CC4)nn23)cc1F,48.65033593569211,7.31291415653615,0,0,0,0,0,0,0,0,0,0,0,0,2.5607774918776975
CNC(=O)c1ccc(N2C(=S)N(c3ccc(C#N)c(C(F)(F)F)c3)C(=O)C2(C)C)cc1F,273.2022879074561,6.563515668016044,0,0,0,0,0,0,0,0,0,0,0,0,2.8372388464683347
CC(=O)NCc1cccc(C#Cc2cncnc2Nc2ccc(OCc3cccc(F)c3)c(Cl)c2)c1,50.49045354236572,7.296790728134736,0,0,0,0,0,0,0,0,0,0,0,0,2.5743992692266158
COc1cc(C(=O)c2cnc(-c3c[nH]c4ccccc34)[nH]2)cc(OC)c1OC,18.30975284435893,7.7373175180170115,0,0,0,0,0,0,0,0,0,0,0,0,2.471526006201124
NC(=O)Nc1sc2c(c1C(N)=O)CCc1c-2cnn1Cc1ccc(F)cc1,257.85312748244843,6.588627596698094,0,0,0,0,0,0,0,0,0,0,0,0,2.6612239375465236
NS(=O)(=O)Cc1ccc(-c2cc3ccncc3cc2OC2CCNCC2)cc1,311.6343781774196,6.506354638839011,0,0,0,0,0,0,0,0,0,0,0,0,2.5547340403891585
COc1cc(-c2ccc3c(c2)Nc2ccc(CC(=O)Nc4ccc(N5CCOCC5)cc4)cc2NC3=O)ccc1N,61.479477463909674,7.211269832380897,0,0,0,0,0,0,0,0,0,0,0,0,2.653217040390036
O=c1[nH]c(=O)n([C@@H]2O[C@H](CO)[C@@H](O)[C@H]2O)cc1F,0.32051152726147314,9.49415634637598,0,0,0,0,0,0,0,0,0,0,0,0,3.5411815858417874
COc1ccc(N(C)c2nc(C)nc3ccccc23)cc1,8.762036243170357,8.0573949547442,0,0,0,0,0,0,0,0,0,0,0,0,2.0071497742783233
CC(C)(C)NC(=O)[C@H]1CC[C@H]2[C@@H]3CC=C4C=C(C(=O)O)CC[C@]4(C)[C@H]3CC[C@]12C,1.0000122996851406,8.999994658347465,0,0,0,0,0,0,0,0,0,0,0,0,4.285135235932396
CN1CCN(CC(=O)N2c3ccccc3C(=O)Nc3cccnc32)CC1,4.394008218259898,8.357139135139317,0,0,0,0,0,0,0,0,0,0,0,0,2.3823033356175074
NCC(NC(=O)c1cc(C2CC2)c(-c2ccnc3[nH]ccc23)s1)c1ccccc1,10.349658770210311,7.9850739687247145,0,0,0,0,0,0,0,0,0,0,0,0,3.1706987616713542
c1ccc2c(c1)N(c1ncnc3[nH]ccc13)CC21CCNCC1,8.067063683032817,8.093284514634998,0,0,0,0,0,0,0,0,0,0,0,0,3.236007392388175
N[C@H](CNc1cncc(/C=C/c2ccncc2)c1)Cc1c[nH]c2ccccc12,22.400504816227176,7.649742194325148,0,0,0,0,0,0,0,0,0,0,0,0,3.0057072791594077
FC(F)c1cncc(-c2ccc3ncc4nnc(C5[C@H]6CCC[C@@H]56)n4c3c2)c1,50.75418198256786,7.294528167461537,0,0,0,0,0,0,0,0,0,0,0,0,3.9288009285276457
CNC1=Nc2cc(-c3cccc(CN)c3)sc2N2C(C)=CNC12,15.988243615364786,7.796199242948674,0,0,0,0,0,0,0,0,0,0,0,0,3.847079207529557
NC(=O)Nc1sc(C#Cc2ccccc2F)cc1C(N)=O,437.4007330747549,6.359120493429031,0,0,0,0,0,0,0,0,0,0,0,0,2.629323991784954
CC1=C(CO)C2=C(C)C3(CC3)[C@@](C)(O)C(=O)C2=C1,140.20270288260951,6.853243613789563,0,0,0,0,0,0,0,0,0,0,0,0,4.386681142298718
COc1cc2c(cc1OC)[C@]1(O)C(=O)c3ccc4c(c3O[C@@H]1CO2)C=CC(C)(C)O4,69.35112980084376,7.158946459431715,0,0,0,0,0,0,0,0,0,0,0,0,3.8530479678445353
N=C1CCCN1Cc1[nH]c(=O)[nH]c(=O)c1Cl,30.51964108193075,7.515420578091125,0,0,0,0,0,0,0,0,0,0,0,0,3.178703370453227
CN(C)c1cc2c(Nc3ccc4c(cnn4Cc4ccccc4)c3)ncnc2cn1,3.890379307267334,8.410008053424331,0,0,0,0,0,0,0,0,0,0,0,0,2.498216515255674
O=c1[nH]c2ccccc2n1CCCN1CCC(n2c(=O)[nH]c3cc(Cl)ccc32)CC1,53.063707894768925,7.275202406408443,0,0,0,0,0,0,0,0,0,0,0,0,2.4438867648336817
O=C(Nc1cc(C(F)(F)F)cc(C(F)(F)F)c1)c1nsnc1O,75.7720123330685,7.120491178719394,0,0,0,0,0,0,0,0,0,0,0,0,2.762215182809898
CC[C@@]1(O)C(=O)OCc2c1cc1n(c2=O)Cc2cc3ccccc3nc2-1,27.370739569509674,7.56271346760202,0,0,0,0,0,0,0,0,0,0,0,0,3.1755009595514183
CNS(=O)(=O)Nc1nccc(Cc2c(C)c3ccc(Oc4ncccn4)cc3oc2=O)c1F,52.07430817389481,7.283376491101882,0,0,0,0,0,0,0,0,0,0,0,0,2.989793898996135
C[C@]12CCC(=O)C(O)=C1CC[C@@H]1[C@@H]2CC[C@]2(C)C(=O)CC[C@@H]12,231.59666953425014,6.635267690252448,0,0,0,0,0,0,0,0,0,0,0,0,4.038635681173189
Clc1ccc(C(NC2CCCCC2)c2ccc(-c3ncnc4[nH]cnc34)cc2)cc1,396.4157735056327,6.401849073131853,0,0,0,0,0,0,0,0,0,0,0,0,2.997211502966106
Cc1c[nH]c2ncnc(N3CCC(N)(CNC(=O)Oc4ccccc4)C3)c12,18.10984346377937,7.742085303584928,0,0,0,0,0,0,0,0,0,0,0,0,3.255330216189334
C=CC(=O)Nc1cc(Nc2nccc(-c3cn(C)c4ccccc34)n2)c(OC)cc1N(C)CCN(C)C,0.030814033804256926,10.511251445329322,0,0,0,0,0,0,0,0,0,0,0,0,2.924666323317922
Cn1ncc(Br)c1-c1ccc2c(c1)CN([C@@H]1CNCC[C@H]1c1ccc(F)c(F)c1)C2=O,4.728757646158305,8.325252943466754,0,0,0,0,0,0,0,0,0,0,0,0,3.600722119228223
COc1ccc(/C=C\c2cc(OC)c(OC)c(OC)c2)cc1OP(=O)([O-])[O-].[Na+].[Na+],113.64790021979525,6.944438583972275,0,0,0,0,0,0,0,0,0,0,0,0,2.9629060146386337
Cc1cc(=O)[nH]c2c1C(=O)c1ccccc1C2=O,504.4499329620814,6.297181931344422,0,0,0,0,0,0,0,0,0,0,0,0,2.3229618875303757
NC(=O)c1cccc2c(N[C@H](CN3CCC3)c3ccc(C(F)(F)F)cc3)ncnc12,19.870668694351497,7.701787517621922,0,0,0,0,0,0,0,0,0,0,0,0,2.9134073234377684
Cc1occc1-c1nc(N)c(OC[C@@H](N)Cc2c(C#N)[nH]c3ccccc23)cc1-c1cnc2[nH]nc(C)c2n1,1.4509986431339263,8.838332993681991,0,0,0,0,0,0,0,0,0,0,0,0,3.9298183853862607
CNCCC(Oc1ccccc1OC)c1ccccc1,393.509780511002,6.405044468974112,0,0,0,0,0,0,0,0,0,0,0,0,2.284423110342626
O=C1NC(=O)C(Cc2ccc3nccc(-c4ccncc4)c3c2)S1,51.963680151554435,7.2843000990748505,0,0,0,0,0,0,0,0,0,0,0,0,2.9045787320522347
CC(C)[C@@]12C[C@@H](OC(=O)CO)[C@@](C)(O1)[C@@H]1CC[C@@H](C)[C@H]1[C@@H]2OC(=O)/C=C/c1ccccc1,42.82248859341765,7.3683280976444765,0,0,0,0,0,0,0,0,0,0,0,0,5.249774196347531
Cc1[nH]ccc2c1[nH]c1cc(=O)ccc12,520.9259899200176,6.283223974306076,0,0,0,0,0,0,0,0,0,0,0,0,2.7844282887502505
COc1cc(Nc2c(C#N)cnc3cc(OCCCN4CCN(C)CC4)c(OC)cc23)c(Cl)cc1Cl,216.7604283493572,6.664019999431291,0,0,0,0,0,0,0,0,0,0,0,0,2.623368421680496
O=C(Nc1ccc(Cl)cc1)NS(=O)(=O)c1ccc2c(c1)CCC2,107.65018991251773,6.967985199673418,0,0,0,0,0,0,0,0,0,0,0,0,1.944225690133596
O=C1c2c(O)cccc2-c2nn(CCNCCO)c3ccc(NCCNCCO)c1c23,68.68612359435298,7.1631309930002836,0,0,0,0,0,0,0,0,0,0,0,0,2.879872934371628
COc1cc(NS(C)(=O)=O)ccc1Nc1c2ccccc2nc2ccccc12,97.36046041673366,7.011617380998472,0,0,0,0,0,0,0,0,0,0,0,0,2.0650288908165084
OCCNC(c1ccc(Cl)cc1)c1ccc(-c2cn[nH]c2)cc1,450.4660696629151,6.346337915701833,0,0,0,0,0,0,0,0,0,0,0,0,2.6817755649035266
COc1cc(OC)cc(N2CCN(C(=O)Nc3nc4cc(F)ccc4nc3OC)CC2)c1,24.89394737264561,7.603906232911982,0,0,0,0,0,0,0,0,0,0,0,0,2.455875689986808
Cc1ccc2c(-c3ccccc3)nc(=O)n(C(C)C)c2c1,7.187366606389157,8.143430202496637,0,0,0,0,0,0,0,0,0,0,0,0,2.0898780402496406
Cc1cn2c(-c3cn[nH]c3)cnc2c(Nc2cc([C@@H](C)N3C[C@@H](C)O[C@@H](C)C3)ns2)n1,17.328477375103414,7.761239596353711,0,0,0,0,0,0,0,0,0,0,0,0,4.361412006201702
c1ccc2ncncc2c1,44.31892577083728,7.353410774846677,0,0,0,0,0,0,0,0,0,0,0,0,1.772800135906282
COc1cc2c(cc1OC)CN(C(=O)[C@H](C)N[C@@H](CCc1ccccc1)C(=O)O)[C@H](C(=O)O)C2,5.946015566444707,8.225773958163003,0,0,0,0,0,0,0,0,0,0,0,0,3.3197741409720445
O=C1C[C@H]2O[C@@H](c3cccc(O)c3)C3=C(C(=O)c4ccccc4C3=O)[C@H]2O1,287.97904387571725,6.540639114533383,0,0,0,0,0,0,0,0,0,0,0,0,3.697268567213202
CCCc1cc(N2CCC(NC)CC2)nc2sc(C(N)=O)c(N)c12,131.31900086440993,6.881672430243064,0,0,0,0,0,0,0,0,0,0,0,0,2.6888759727615454
CSc1ncc2cc(-c3ccccc3)c(-c3ccc(CNCCCn4ccnc4)cc3)nc2n1,120.77689843264429,6.918016127326503,0,0,0,0,0,0,0,0,0,0,0,0,2.6113891655380197
NS(=O)(=O)c1ccc(Nc2ncc3c(n2)-c2ccc(NC(=O)Cc4ccsc4)cc2CC3)cc1,705.8246848732433,6.15130315708859,0,0,0,0,0,0,0,0,0,0,0,0,2.5520807784512733
Cc1c(Nc2c(C#N)cncc2/C=C/CCN2CCC[C@@H](N)C2)ccc2[nH]ccc12,377.758255811141,6.422786035489156,0,0,0,0,0,0,0,0,0,0,0,0,3.4274174219599374
C[C@H](Nc1ccc(C#N)n(C)c1=O)c1cc2cc(Cl)ccc2[nH]c1=O,13.000357330155472,7.886044710433011,0,0,0,0,0,0,0,0,0,0,0,0,3.194324875657874
O=c1[nH]cc(F)c(=O)[nH]1,158.91464243441072,6.798836084948118,0,0,0,0,0,0,0,0,0,0,0,0,2.6590876226101727
CC(=O)NCc1cc(-c2cc3nc(NC4CC4)c4ncn(C)c4n3n2)ccc1F,161.30958197610894,6.792339834249281,0,0,0,0,0,0,0,0,0,0,0,0,2.8528232704893313
CC(C)(C)c1[nH]cnc1/C=c1\[nH]c(=O)/c(=C/c2ccccc2)[nH]c1=O,23.555916747762797,7.627899989250107,0,0,0,0,0,0,0,0,0,0,0,0,2.999368598814005
CCOC(=O)C1=C(C)NC(C)=C(C(=O)OCC)C1c1ccccc1/C=C/C(=O)OC(C)(C)C,386.48044506318547,6.41287247539637,0,0,0,0,0,0,0,0,0,0,0,0,2.5925511577576703
c1ccc(-c2cc(-c3nn[nH]n3)cnc2-c2ccc(CNCc3ccc(-c4csnn4)cc3)cc2)cc1,155.2112464646752,6.809076813357534,0,0,0,0,0,0,0,0,0,0,0,0,2.6592505828733337
CN1C(=O)[C@@H](N2CCc3cn(CC4CCS(=O)(=O)CC4)nc3C2=O)COc2ccccc21,422.83725740065677,6.373826752749117,0,0,0,0,0,0,0,0,0,0,0,0,3.4907133340253544
Cc1c2ccncc2c(C)c2c1[nH]c1ccccc12,80.84554832181291,7.092343889084724,0,0,0,0,0,0,0,0,0,0,0,0,2.2946637686993423
C[C@@H]1CCN(C(=O)CC#N)C[C@@H]1n1ccc2cnc3[nH]cc(C#N)c3c21,86.84597440741838,7.061250307708114,0,0,0,0,0,0,0,0,0,0,0,0,3.9193940542106365
COc1c2ccoc2cc2oc(=O)ccc12,118.22125177965403,6.927304446457964,0,0,0,0,0,0,0,0,0,0,0,0,2.4035123549469937
C[C@]12N[C@H](Cc3ccccc31)c1ccccc12,10.793095619661722,7.9668539753615475,0,0,0,0,0,0,0,0,0,0,0,0,3.792547287218083
COc1cc2ncc3c(N)nc(-c4cncc(OCCN)c4)cc3c2cc1OC,230.903092330956,6.636570250827832,0,0,0,0,0,0,0,0,0,0,0,0,2.5838019002051933
CN1CCN(C2=Nc3ccccc3Oc3ccc(Cl)cc32)CC1,18.91103425477062,7.723284718703515,0,0,0,0,0,0,0,0,0,0,0,0,2.2951514836512157
O=C1NCc2c1c1c3cc(O)ccc3[nH]c1c1[nH]c3ccccc3c21,151.04718486806394,6.82088736445001,0,0,0,0,0,0,0,0,0,0,0,0,2.7155308989795923
C=CC(=O)N1CCC([C@@H]2CCNc3c(C(N)=O)c(-c4ccc(Oc5ccccc5)cc4)nn32)CC1,34.70371824933503,7.459623991242047,0,0,0,0,0,0,0,0,0,0,0,0,3.3381852982174456
COc1ccc2c3c(c4cc(OC)c(O)cc4c2c1)CN1CCC[C@H]1[C@H]3O,72.75403032741497,7.138142943229011,0,0,0,0,0,0,0,0,0,0,0,0,3.3672880587825293
CCC(Cc1cnc2nc(N)nc(N)c2n1)c1ccc(C(=O)N[C@@H](CCC(=O)O)C(=O)O)cc1,7.028574280056111,8.153132761054078,0,0,0,0,0,0,0,0,0,0,0,0,3.416368132509488
CSc1ccc2c(c1)C(N1CCN(C)CC1)Cc1ccccc1S2,5.773718297942444,8.238544409342316,0,0,0,0,0,0,0,0,0,0,0,0,2.956197193590695
O=c1[nH]cnc2c1ncn2[C@H]1CC[C@@H](CO)O1,427.5129184762851,6.369050757337686,0,0,0,0,0,0,0,0,0,0,0,0,3.611021286177671
COC(=O)[C@]1(C)CC[C@]2(C)CC[C@]3(C)C4=CC=C5C(=CC(=O)C(O)=C5C)[C@]4(C)CC[C@@]3(C)[C@@H]2C1,350.5589887208961,6.455238892617601,0,0,0,0,0,0,0,0,0,0,0,0,4.907770351840751
CC(=O)[C@]1(O)Cc2c(O)c3c(c(O)c2[C@@H](O[C@H]2C[C@H](N)[C@H](O)[C@H](C)O2)C1)C(=O)c1ccccc1C3=O.Cl,312.88935734797906,6.504609208741477,0,0,0,0,0,0,0,0,0,0,0,0,4.409797027996081
NCCn1cc(-c2cc(-c3cc4ccccc4s3)c3[nH]ncc3c2)c2nc(N)ncc21,433.2803373598578,6.363231019181348,0,0,0,0,0,0,0,0,0,0,0,0,3.0586267805254748
O=C(Nc1cc(Cl)c2c(c1)[nH]c1cnccc12)c1cccnc1,138.48242876665472,6.858605328215374,0,0,0,0,0,0,0,0,0,0,0,0,2.310894767233304
CN1CCN(CCOc2cc(OC3CCOCC3)c3c(Nc4c(Cl)ccc5c4OCO5)ncnc3c2)CC1,39.973702348633935,7.3982256256924215,0,0,0,0,0,0,0,0,0,0,0,0,2.9625112416120984
O=C(NC(c1ccc(Cl)cc1)C1CCNCC1)c1ccc2cnccc2c1,174.2081947360776,6.758931419678803,0,0,0,0,0,0,0,0,0,0,0,0,2.731600795172181
NC(=O)c1nn(-c2ccc3c(c2)OCO3)c2c1COc1ccc(N)cc1-2,627.8643720055397,6.202134160165722,0,0,0,0,0,0,0,0,0,0,0,0,2.6179279510021214
COCCCNNS(=O)(=O)c1ccc(-c2cc(-c3ccccc3)cc(C(N)=O)c2N)cc1,158.76772576624583,6.799237776129116,0,0,0,0,0,0,0,0,0,0,0,0,2.496555588549782
N#Cc1ccc(N2CC[C@@H](Nc3c(C(N)=O)cnc4[nH]ccc34)[C@@H](F)C2)nc1,18.069620565029272,7.74305096687704,0,0,0,0,0,0,0,0,0,0,0,0,3.6103392819668105
COC(=O)c1c(C)nc(NNC(=O)c2cccc3c(=O)c4ccccc4[nH]c23)nc1-c1ccc(OC)c(OC)c1,248.99480275212716,6.6038097178023705,0,0,0,0,0,0,0,0,0,0,0,0,2.6807524884295244
CNC(=O)[C@H](Cc1ccccc1)NC(=O)[C@H](CC(C)C)[C@H](CSc1cccs1)C(=O)NO,2.5848273137308064,8.5875684657998,0,0,0,0,0,0,0,0,0,0,0,0,3.6102843924455446
NC1=N[C@H](O)[C@H]2[C@H]3O[C@]4(O)O[C@@H]([C@@H](O)[C@@]2(N1)[C@@H]4O)[C@]3(O)CO,11.554169690653957,7.93726125846905,0,0,0,0,0,0,0,0,0,0,0,0,6.9939108408894946
Cc1c[nH]c2nccc(Oc3c(F)cc(Nc4cc(Cl)nc(N)n4)cc3F)c12,382.7527088168792,6.417081727030589,0,0,0,0,0,0,0,0,0,0,0,0,2.896985538820404
N#CC(CCCN1CCC(O)(c2ccc(Cl)cc2)CC1)(c1ccccc1)c1ccccc1,327.8824118254449,6.484281879006213,0,0,0,0,0,0,0,0,0,0,0,0,2.4964198069120656
CC(C)(C)c1ccc(CC2(N)CCN(c3ccnc4[nH]ncc34)CC2)cc1,12.864285191953531,7.890614340492485,0,0,0,0,0,0,0,0,0,0,0,0,2.754605881917943
Sc1ncnc2nc[nH]c12,64.38141496651862,7.191239482676838,0,0,0,0,0,0,0,0,0,0,0,0,3.2853977486383776
CO[C@@]12[C@H](COC(N)=O)C3=C(C(=O)C(C)=C(N)C3=O)N1C[C@@H]1N[C@@H]12,174.92687133126023,6.757143471398997,0,0,0,0,0,0,0,0,0,0,0,0,4.600302750822138
Cc1cc(C(=O)Nc2nc3cccc(Cl)c3n2[C@@H]2CCCCN(C(=O)/C=C/CN(C)C)C2)ccn1,10.382464522905845,7.983699544208698,0,0,0,0,0,0,0,0,0,0,0,0,3.342457693149246
CN1c2ccccc2C(=O)N2CCc3c([nH]c4ccccc34)[C@H]21,179.0084367145599,6.747126500124943,0,0,0,0,0,0,0,0,0,0,0,0,2.8380800425154664
COc1cc2c(O)c3c(c(-c4ccc5c(c4)OCO5)c2cc1OC)C(=O)OC3,211.27438100526945,6.675153162022903,0,0,0,0,0,0,0,0,0,0,0,0,2.59819062158574
NC(=S)N/N=C/c1ncccc1N,319.618941830712,6.495367490657205,0,0,0,0,0,0,0,0,0,0,0,0,2.880743596162672
N#Cc1ccc(C(c2ccc(C#N)cc2)n2cncn2)cc1,21.74908456446636,7.662559018110156,0,0,0,0,0,0,0,0,0,0,0,0,2.383607011032911
CC(=O)O[C@]1(C(C)=O)CC[C@H]2[C@@H]3C=C(C)C4=CC(=O)CC[C@]4(C)[C@H]3CC[C@@]21C,25.60283919970385,7.591711871391547,0,0,0,0,0,0,0,0,0,0,0,0,4.46161495229374
Cc1c(-c2ccc(-c3ccccc3F)cc2)nc2ccc(F)cc2c1C(=O)O,18.681204828004336,7.728595117759015,0,0,0,0,0,0,0,0,0,0,0,0,2.0596192291806776
CCN(CC)C/C=C/c1nc(O)c2c(ccc3nc(Nc4c(Cl)cccc4Cl)n(C)c32)c1C,449.246223363037,6.347515565147174,0,0,0,0,0,0,0,0,0,0,0,0,3.1901395403813977
CN(C)CCC=C1c2ccccc2COc2ccccc21,61.606969795720616,7.210370151916889,0,0,0,0,0,0,0,0,0,0,0,0,2.2847187780614266
C=CC(=O)[C@H](Cc1ccccc1)NC(=O)OC(C)(C)C,83.68551322768825,7.077349716078498,0,0,0,0,0,0,0,0,0,0,0,0,2.572113738105669
C[C@@]12C(=O)OC(=O)[C@]1(C)[C@H]1CC[C@@H]2O1,315.1582265228909,6.5014713520736125,0,0,0,0,0,0,0,0,0,0,0,0,5.2108239484332035
O=C1N[C@H](O)CCN1[C@@H]1O[C@H](CO)[C@@H](O)C1(F)F,144.83058546720395,6.839139713712316,0,0,0,0,0,0,0,0,0,0,0,0,4.454070047380249
CCCCC(Oc1cc(O)c(C(=O)O)cc1C#Cc1ccccc1OC(F)(F)F)C(=O)NC1CCCCC1,236.58022893384637,6.626021552285047,0,0,0,0,0,0,0,0,0,0,0,0,3.314191432581218
Cc1ccc(C(=O)C(C)CN2CCCCC2)cc1,22.106600877038748,7.655478029643438,0,0,0,0,0,0,0,0,0,0,0,0,2.2792841077710015
C=CC(=O)N[C@@H]1CN(c2nc(Nc3cn(C)nc3OC)c3ncn(C)c3n2)C[C@H]1F,4.597065300057408,8.33751932717134,0,0,0,0,0,0,0,0,0,0,0,0,4.017736429382998
CN1CCN(C2=C(Cl)C(=O)N(c3ccc(Cl)c(Cl)c3)C2=O)CC1,283.96902280944255,6.546729033039863,0,0,0,0,0,0,0,0,0,0,0,0,2.3109815312155906
CNCc1ccc(-c2cc(-c3nc(-c4ccc(S(=O)(=O)C(C)C)cc4)cnc3N)on2)cc1,1.5821963053539854,8.800739633959093,0,0,0,0,0,0,0,0,0,0,0,0,2.625471814628888
c1ccc2c(CCC3CCNCC3)c[nH]c2c1,62.968976085869706,7.200873368534877,0,0,0,0,0,0,0,0,0,0,0,0,2.0934394325192898
NC(=O)NC1=C(C(N)=O)C=C(c2ccc(F)cc2)C1,29.359208158509265,7.532255661869981,0,0,0,0,0,0,0,0,0,0,0,0,2.8456519021044
COc1ccc(-c2nc(N3CCOCC3)c3sc(CN(C)c4ncc(C(=O)NO)cn4)cc3n2)cn1,4.7003198868708935,8.327872584537605,0,0,0,0,0,0,0,0,0,0,0,0,3.0417176124218823
C[n+]1cc2c3c(ccc2c2ccc4cc5c(cc4c21)OCO5)OCO3,320.23362331479007,6.494533070750728,0,0,0,0,0,0,0,0,0,0,0,0,2.8985067455321527
CN(C)/N=N/c1[nH]cnc1C(N)=O,88.96210271383137,7.05079496062913,0,0,0,0,0,0,0,0,0,0,0,0,3.5643953544044296
O=C(O)c1cc(O)c(O)c(O)c1,151.76923793645477,6.818816246545312,0,0,0,0,0,0,0,0,0,0,0,0,2.0952775415567224
C=CC(=O)Nc1cccc(Oc2nc(Nc3ccc(N4CCN(C)CC4)c(F)c3)nc3[nH]ccc23)c1,0.6206799999735058,9.207132248558674,0,0,0,0,0,0,0,0,0,0,0,0,2.7503292988124137
Nc1ccn([C@@H]2S[C@H](CO)[C@@H](O)[C@@H]2O)c(=O)n1,398.1795321013398,6.399921068075326,0,0,0,0,0,0,0,0,0,0,0,0,4.091943778479727
CN1CCN(S(=O)(=O)c2ccc(N3CCCC3=O)cc2)c2ccccc21,72.40111031575096,7.140254773577627,0,0,0,0,0,0,0,0,0,0,0,0,2.263068990503161
C#C/N=C(\NCCCCCCOc1ccc(Cl)cc1)Nc1ccncc1,16.18926797726922,7.790772788097767,0,0,0,0,0,0,0,0,0,0,0,0,2.583234955050706
Oc1cc(O)cc(/C=C/c2ccc(O)c(O)c2)c1,602.5524907339517,6.220005113992706,0,0,0,0,0,0,0,0,0,0,0,0,2.2908111182996063
O=C1NC(=O)c2cc(Nc3ccc(F)cc3)c(Nc3ccc(F)cc3)cc21,433.1026279652712,6.363409181065001,0,0,0,0,0,0,0,0,0,0,0,0,2.2472468409589013
COc1cc([C@H]2OC[C@H]3[C@@H]2CO[C@@H]3c2ccc(O)c(OC)c2)ccc1O,51.77592336848623,7.2858721471855965,0,0,0,0,0,0,0,0,0,0,0,0,3.6785534455713282
O=C1C=CC(=O)c2ccccc21,292.2796841732315,6.534201370609347,0,0,0,0,0,0,0,0,0,0,0,0,1.9259569460232235
COc1c(C)c2c(c(O)c1C/C=C(\C)CCC(=O)O)C(=O)OC2,26.142058324429705,7.582660220743653,0,0,0,0,0,0,0,0,0,0,0,0,2.8163678126760683
CN[C@@H]1C[C@H]2O[C@@](C)([C@@H]1OC)n1c3ccccc3c3c4c(c5c6ccccc6n2c5c31)C(=O)NC4,322.9987274688028,6.490799188673125,0,0,0,0,0,0,0,0,0,0,0,0,4.953655653774268
CC1(C)CC[C@]2(C(=O)O)CC[C@]3(C)C(=CC[C@@H]4[C@@]5(C)CC[C@H](O)C(C)(C)[C@@H]5CC[C@]43C)[C@@H]2C1,355.1639100889768,6.449571171399969,0,0,0,0,0,0,0,0,0,0,0,0,4.589099386039259
NCCNS(=O)(=O)c1ccc(-c2ccnc3[nH]c(CC(N)=O)cc23)cc1,29.59067821009762,7.528845080816808,0,0,0,0,0,0,0,0,0,0,0,0,2.551624220759761
CC1=C(CO)C(=O)O[C@@H]([C@@H](C)[C@H]2CC[C@H]3[C@@H]4C[C@H]5O[C@]56[C@@H](O)C=CC(=O)[C@]6(C)[C@H]4CC[C@]23C)C1,35.818657560449495,7.445890695008882,0,0,0,0,0,0,0,0,0,0,0,0,5.721159996658727
CC(=O)OCC[C@@H]1C[C@@H](c2ccc(F)c(F)c2)[C@H](NC(=O)c2cc(-c3c(Cl)cnn3C)c(Cl)o2)CN1,9.524718568983076,8.021147847751385,0,0,0,0,0,0,0,0,0,0,0,0,4.113274482071251
C=C(C)C(CC=C(C)C)Cc1c(O)cc(OC)c2c1O[C@H](c1ccc(O)cc1O)CC2=O,302.48678110328405,6.519293599587841,0,0,0,0,0,0,0,0,0,0,0,0,3.9106834797000847
CCN1CCN(Cc2ccc(-c3cc4c(N[C@H](C)c5ccccc5)ncnc4[nH]3)cc2)CC1,6.78743935872063,8.168294037519583,0,0,0,0,0,0,0,0,0,0,0,0,2.8200342035498345
CN[C@H]1CN(c2ccc3c(=O)c(C(=O)O)cn(-c4nccs4)c3n2)C[C@@H]1OC,1.497190822191484,8.824722843782977,0,0,0,0,0,0,0,0,0,0,0,0,3.612710391996022
CNC(=O)Nc1cc(-c2cccc(OC)c2)sc1C(N)=O,244.51779151938493,6.611689535405061,0,0,0,0,0,0,0,0,0,0,0,0,2.2152738591589607
Nc1sc(-c2ccc(Cl)cc2)c(-c2ccc(Cl)cc2)c1C(=O)NC1CCCCC1,405.80168887806093,6.391686149838661,0,0,0,0,0,0,0,0,0,0,0,0,2.292572243115295
Clc1ccc(C(c2ccccc2Cl)C(Cl)Cl)cc1,402.0730151380385,6.395695073303219,0,0,0,0,0,0,0,0,0,0,0,0,2.5869748046035816
CCNC(=O)C[C@@H]1N=C(c2ccc(Cl)cc2)c2cc(OC)ccc2-n2c(C)nnc21,52.60129038736659,7.279003601830311,0,0,0,0,0,0,0,0,0,0,0,0,2.9999472394041558
O=C(Cc1ccc(-c2ccc(OCCN3CCOCC3)cc2)cn1)NCc1ccccc1,34.3869634301241,7.463606173226159,0,0,0,0,0,0,0,0,0,0,0,0,2.111503280857475
CC(=O)O[C@@H]1O[C@@H]([C@@H]2c3cccc(O)c3C(=O)c3c(O)cc(C)cc32)[C@H](O)[C@@H](O)[C@H]1O,69.98694082501038,7.154982989367759,0,0,0,0,0,0,0,0,0,0,0,0,4.16779494581994
CCc1n[nH]c2ccc(-c3nnc(NC[C@@H](N)Cc4ccccc4)s3)cc12,185.0943523231178,6.73260683242119,0,0,0,0,0,0,0,0,0,0,0,0,3.031873044441899
Cn1ncc(Cl)c1-c1c(Cl)c(C(=O)NC2(c3ccc(Cl)c(Cl)c3)CCNCC2)n(C)c1Cl,39.53241955858818,7.403046604104133,0,0,0,0,0,0,0,0,0,0,0,0,3.3117218822560774
NCCNc1ccc(NCCN)c2c1C(=O)c1ccncc1C2=O,14.65315464197319,7.834068867042699,0,0,0,0,0,0,0,0,0,0,0,0,2.611180541546579
C=C/C(C)=C/C[C@]1(C)[C@H](C)CC[C@@]23C(=C[C@H](OC(=O)c4ccc(O)cc4)C[C@@H]12)[C@@H](OC(C)=O)O[C@H]3OC(C)=O,149.9532465369039,6.824044127184884,0,0,0,0,0,0,0,0,0,0,0,0,5.445080365937291
COc1cc2ncn(-c3cc(OCc4ccccc4S(C)(=O)=O)c(C#N)s3)c2cc1OC,45.76057374818356,7.3395085389766574,0,0,0,0,0,0,0,0,0,0,0,0,2.838207896242091
C#Cc1cccc(Nc2ncnc3cc4c(cc23)OCCOCCOCCO4)c1,5.741457129751894,8.240977873612227,0,0,0,0,0,0,0,0,0,0,0,0,3.0703694235675982
CC(C)(C)c1nc2c3ccc(F)cc3c3c(=O)[nH]ccc3c2[nH]1,85.20184059249036,7.069551023184852,0,0,0,0,0,0,0,0,0,0,0,0,2.723699147973834
COC(=O)Nc1nc2cc(C(=O)c3cccs3)ccc2[nH]1,154.13350564902726,6.812102943781369,0,0,0,0,0,0,0,0,0,0,0,0,2.336088235816785
CN(C)CCn1cc(-c2ccn3c(-c4ccc(C(N)=O)c(OCc5cccc(F)c5)c4)cnc3c2)cn1,254.58230709390472,6.59417178213754,0,0,0,0,0,0,0,0,0,0,0,0,2.768518860439727
COc1cc2nccc(Oc3ccc(NC(=O)C4(C(=O)Nc5ccc(F)cc5)CC4)cc3)c2cc1OC,167.10670354743158,6.777006127872834,0,0,0,0,0,0,0,0,0,0,0,0,2.4165965050592586
COc1cccc2nc(-c3cccs3)nc(NN3C(=O)C=C(C)C3=O)c12,66.57992665127958,7.176656687625763,0,0,0,0,0,0,0,0,0,0,0,0,2.724497680731851
Cc1cc(NC(=O)C(=O)c2cc(Cc3ccc(C#N)cc3)n3ccccc23)sn1,100.74363396935756,6.996782387562337,0,0,0,0,0,0,0,0,0,0,0,0,2.892362604561077
COc1ccc2c(c1OC)C(=O)O[C@@H]2[C@H]1c2c(cc3c(c2OC)OCO3)CCN1C,192.0705645479638,6.7165391871107705,0,0,0,0,0,0,0,0,0,0,0,0,3.5529000234360035
CN1CCN(Cc2ccc(-c3cnc4[nH]cc(-c5cnc6[nH]ccc6c5)c4c3)cc2)CC1,178.248372602213,6.748974426542605,0,0,0,0,0,0,0,0,0,0,0,0,2.596146357780553
O=C(N1CCN(c2ncnc3[nH]nc(Cl)c23)CC1)C1(c2ccc(Br)cc2)CCNCC1,29.33822290227121,7.532566196120258,0,0,0,0,0,0,0,0,0,0,0,0,2.9939390882177825
CC(C)Nc1ccc(Oc2cc(O)cc(O)c2-c2cc(C(=O)NC3CCN(C)CC3)no2)cc1,15.621272267860023,7.80628359808933,0,0,0,0,0,0,0,0,0,0,0,0,2.7311397462691716
CNC(=O)c1nnc(NC(=O)C2CC2)cc1Nc1cccc(-c2ncn(C)n2)c1OC,2.845731702457537,8.545806047904168,0,0,0,0,0,0,0,0,0,0,0,0,2.9474007858305136
Cc1sc(C(=O)N[C@@H]2[C@H](N)CCCC2(F)F)cc1-c1cnn2cc(Cl)cnc12,298.70837539698726,6.524752600168885,0,0,0,0,0,0,0,0,0,0,0,0,3.947977210960893
N#CC(C#N)=C(N)/C(C#N)=C/c1cc(O)c(O)c(O)c1,488.2474644256248,6.3113600034191535,0,0,0,0,0,0,0,0,0,0,0,0,3.131246129208564
Nc1nc2cc(-c3ccc4ncc(C(=O)N5CCOCC5)n4c3)ccc2o1,24.963215167646013,7.602699479901384,0,0,0,0,0,0,0,0,0,0,0,0,2.659419048498197
COc1cc(NCc2ccc3nc(N)nc(N)c3c2C)cc(OC)c1OC,78.84390964825752,7.103231848413831,0,0,0,0,0,0,0,0,0,0,0,0,2.431581346453406
COc1cc(C(=O)OCC(C)(C)CC2=C(O)c3ccccc3C(=O)C2=O)c(OC)c2ccccc12,561.5709109389371,6.250595396508405,0,0,0,0,0,0,0,0,0,0,0,0,2.7467296060089943
COc1ncc(F)cc1CNc1ccc(Cc2c[nH]c3ncc(C)cc23)c(F)n1,371.09483862150586,6.430515086000954,0,0,0,0,0,0,0,0,0,0,0,0,2.863989666655609
